,,,Premature death,,,,,,,Poor or fair health,,,,Poor physical health days,,,,Poor mental health days,,,,Low birthweight,,,,,,,,Adult smoking,,,,Adult obesity,,,,Food environment index,,Physical inactivity,,,,Access to exercise opportunities,,Excessive drinking,,,,Alcohol-impaired driving deaths,,,,,,Sexually transmitted infections,,,Teen births,,,,,,,Uninsured,,,,,Primary care physicians,,,,Dentists,,,,Mental health providers,,,,Preventable hospital stays,,,,,Diabetes monitoring,,,,,,,Mammography screening,,,,,,,High school graduation,,,Some college,,,,,,Unemployment,,,,Children in poverty,,,,,,,Income inequality,,,,Children in single-parent households,,,,,,Social associations,,,Violent crime,,,Injury deaths,,,,,Air pollution - particulate matter,,Drinking water violations,,Severe housing problems,,,,,Driving alone to work,,,,,,,Long commute - driving alone,,,,
FIPS,State,County,Years of Potential Life Lost Rate,95% CI - Low,95% CI - High,Z-Score,Years of Potential Life Lost Rate (Black),Years of Potential Life Lost Rate (Hispanic),Years of Potential Life Lost Rate (White),% Fair/Poor,95% CI - Low,95% CI - High,Z-Score,Physically Unhealthy Days,95% CI - Low,95% CI - High,Z-Score,Mentally Unhealthy Days,95% CI - Low,95% CI - High,Z-Score,Unreliable,% LBW,95% CI - Low,95% CI - High,Z-Score,% LBW (Black),% LBW (Hispanic),% LBW (White),% Smokers,95% CI - Low,95% CI - High,Z-Score,% Obese,95% CI - Low,95% CI - High,Z-Score,Food Environment Index,Z-Score,% Physically Inactive,95% CI - Low,95% CI - High,Z-Score,% With Access,Z-Score,% Excessive Drinking,95% CI - Low,95% CI - High,Z-Score,# Alcohol-Impaired Driving Deaths,# Driving Deaths,% Alcohol-Impaired,95% CI - Low,95% CI - High,Z-Score,# Chlamydia Cases,Chlamydia Rate,Z-Score,Teen Birth Rate,95% CI - Low,95% CI - High,Z-Score,Teen Birth Rate (Black),Teen Birth Rate (Hispanic),Teen Birth Rate (White),# Uninsured,% Uninsured,95% CI - Low,95% CI - High,Z-Score,# Primary Care Physicians,PCP Rate,PCP Ratio,Z-Score,# Dentists,Dentist Rate,Dentist Ratio,Z-Score,# Mental Health Providers,MHP Rate,MHP Ratio,Z-Score,# Medicare Enrollees,Preventable Hosp. Rate,95% CI - Low,95% CI - High,Z-Score,# Diabetics,% Receiving HbA1c,95% CI - Low,95% CI - High,Z-Score,% Receiving HbA1c (Black),% Receiving HbA1c (White),# Medicare Enrollees,% Mammography,95% CI - Low,95% CI - High,Z-Score,% Mammography (Black),% Mammography (White),Cohort Size,Graduation Rate,Z-Score,# Some College,Population,% Some College,95% CI - Low,95% CI - High,Z-Score,# Unemployed,Labor Force,% Unemployed,Z-Score,% Children in Poverty,95% CI - Low,95% CI - High,Z-Score,% Children in Poverty (Black),% Children in Poverty (Hispanic),% Children in Poverty (White),80th Percentile Income,20th Percentile Income,Income Ratio,Z-Score,# Single-Parent Households,# Households,% Single-Parent Households,95% CI - Low,95% CI - High,Z-Score,# Associations,Association Rate,Z-Score,# Violent Crimes,Violent Crime Rate,Z-Score,# Injury Deaths,Injury Death Rate,95% CI - Low,95% CI - High,Z-Score,Average Daily PM2.5,Z-Score,Presence of violation,Z-Score,# Households with Severe Problems,% Severe Housing Problems,95% CI - Low,95% CI - High,Z-Score,% Drive Alone,95% CI - Low,95% CI - High,Z-Score,% Drive Alone (Black),% Drive Alone (Hispanic),% Drive Alone (White),# Workers who Drive Alone,% Long Commute - Drives Alone,95% CI - Low,95% CI - High,Z-Score
12000,Florida,,6803,6760,6846,,,,,19,18,19,,3.8,3.6,4.0,,3.8,3.6,4.0,,,9,9,9,,,,,15,15,16,,26,,,,6.7,,24,,,,87,,18,17,18,,3542,13440,26,26,27,,90468,455,,25,25,25,,,,,2602192,16,16,17,,14728,73,1376:1,,11883,58,1735:1,,29306,142,703:1,,1506764,54,53,54,,215670,86,85,86,,1,1,152657,67.9,67.5,68.3,,62.5,68.3,200163,78,,3069064,4966799,61.8,61.5,62.1,,480368,9838942,4.9,,21,21,22,,,,,98580,21048,4.7,,1546295,4020805,38,38,39,,14476,7.1,,97865,500,,72009,72,72,73,,7.4,,,,1552750,22,21,22,,79,79,80,,,,,6874620,40,39,40,
12001,Florida,Alachua,6901,6514,7288,-0.60,11227,2972,6381,19,19,20,0.01,4.4,4.3,4.5,0.24,4.3,4.2,4.4,0.49,,9,9,9,0.47,14,6,7,15,14,15,-0.95,26,23,29,-0.80,6.5,0.62,20,18,23,-1.41,88,-0.80,21,20,21,1.05,54,182,30,26,33,-0.11,2180,850,2.57,15,14,16,-1.54,39,10,8,27103,13,11,14,-0.94,391,150,665:1,-3.83,446,169,591:1,-5.31,1458,553,181:1,-5.69,20378,55,52,58,-0.49,2752,87,84,91,-0.96,87,87,1999,64.9,61.4,68.4,-0.06,66.1,64.7,2185,75,0.15,49672,65606,75.7,72.9,78.6,-1.82,5638,132316,4.3,-0.98,22,17,26,-0.47,45,22,13,97014,15820,6.1,3.02,16392,45492,36,33,40,-0.32,263,10.1,-0.42,1472,579,1.03,775,60,56,65,-1.22,7.5,0.06,Yes,1.07,21935,23,22,24,1.24,75,73,76,-1.24,77,71,77,86245,23,21,24,-1.44
12003,Florida,Baker,7984,6774,9195,-0.04,9037,,7841,20,19,20,0.17,4.3,4.2,4.5,0.05,4.5,4.3,4.6,1.06,,10,9,11,1.18,11,,10,19,19,20,0.43,34,30,39,0.90,6.4,0.76,36,31,40,1.81,35,1.42,18,17,19,-0.01,19,44,43,36,50,1.29,115,425,0.06,49,44,55,1.07,38,,52,2533,12,10,13,-1.16,12,44,2285:1,0.36,12,43,2328:1,0.01,25,89,1117:1,0.12,1759,90,76,105,1.37,409,81,72,90,1.12,79,81,210,56.7,46.5,66.8,1.17,,,297,82,-0.61,2998,6944,43.2,36.7,49.6,0.61,557,11393,4.9,-0.28,24,17,30,-0.17,21,,26,94629,22962,4.1,-0.75,2179,6411,34,26,42,-0.67,25,9.1,-0.05,98,360,-0.29,97,71,58,87,-0.62,7.6,0.18,No,-0.92,1400,17,13,21,-0.35,86,82,89,1.44,,,,8594,51,44,58,1.29
12005,Florida,Bay,9478,8975,9981,0.74,11832,5508,9515,19,18,19,-0.16,4.2,4.1,4.4,-0.11,4.2,4.0,4.3,0.15,,8,8,9,-0.12,14,7,7,18,18,19,0.01,30,27,33,0.05,6.6,0.49,27,24,30,-0.08,76,-0.27,20,19,20,0.61,46,150,31,27,35,0.00,855,478,0.38,43,41,46,0.62,54,41,42,20566,14,12,15,-0.61,92,51,1974:1,0.09,88,48,2091:1,-0.19,421,229,437:1,-1.62,16845,60,56,64,-0.22,2950,78,75,81,2.22,74,78,1878,61.2,57.7,64.8,0.49,50.0,61.8,1946,71,0.63,28332,46638,60.7,57.7,63.8,-0.70,4305,87996,4.9,-0.28,23,18,28,-0.30,37,25,20,93258,21702,4.3,-0.42,14189,38175,37,34,41,-0.13,164,9.0,-0.02,886,508,0.60,777,87,81,93,0.28,8.1,0.80,No,-0.92,11975,18,16,19,-0.09,82,81,83,0.53,78,68,83,65994,29,27,31,-0.83
12007,Florida,Bradford,10749,9260,12237,1.40,9588,,11660,20,20,21,0.28,4.6,4.5,4.7,0.62,4.1,3.9,4.2,-0.08,,11,10,12,2.14,16,,9,22,21,22,1.08,36,31,40,1.14,7.2,-0.33,33,29,38,1.30,79,-0.42,17,16,17,-0.53,8,29,28,18,38,-0.32,129,483,0.41,53,47,60,1.38,69,,50,2523,13,12,15,-0.74,10,37,2693:1,0.62,7,26,3847:1,0.73,5,19,5385:1,1.01,2151,106,93,120,2.21,477,84,76,92,0.12,81,85,257,61.1,51.5,70.6,0.51,64.0,60.8,199,78,-0.10,3232,7349,44.0,37.3,50.7,0.55,466,10944,4.3,-0.98,27,20,34,0.25,63,,18,82224,14012,5.9,2.53,2105,5263,40,30,50,0.34,32,11.9,-1.07,123,461,0.32,136,101,84,118,1.06,7.3,-0.19,No,-0.92,1550,18,14,21,-0.14,84,82,86,1.03,,,,7695,51,43,59,1.31
12009,Florida,Brevard,7837,7552,8121,-0.11,9991,5345,7974,16,15,16,-0.92,4.0,3.9,4.1,-0.61,4.2,4.1,4.4,0.36,,8,7,8,-0.74,13,7,7,17,17,18,-0.27,27,24,30,-0.59,6.8,0.22,26,23,28,-0.33,81,-0.51,18,18,19,0.09,95,373,25,23,28,-0.54,1744,313,-0.59,22,21,23,-1.06,34,24,19,58601,14,12,15,-0.68,426,75,1334:1,-0.87,330,57,1755:1,-0.58,845,146,685:1,-0.58,55762,53,52,55,-0.57,8495,86,84,88,-0.63,87,86,5655,68.4,66.2,70.5,-0.57,65.5,68.5,5439,86,-1.06,77422,117780,65.7,63.6,67.9,-1.07,13574,262026,5.2,0.05,22,18,25,-0.48,41,23,16,96643,21931,4.4,-0.21,38313,104142,37,35,39,-0.20,433,7.6,0.50,2865,518,0.66,2520,90,86,93,0.43,6.5,-1.18,Yes,1.07,37085,17,16,17,-0.36,82,81,83,0.54,82,80,83,188773,30,29,31,-0.70
12011,Florida,Broward,5736,5611,5860,-1.20,7100,3584,6414,16,16,17,-0.73,3.7,3.6,3.8,-1.24,3.9,3.8,4.0,-0.63,,9,9,10,0.78,13,7,7,14,14,14,-1.16,25,23,27,-1.04,7.9,-1.28,24,22,26,-0.62,96,-1.12,19,19,19,0.35,179,1006,18,16,19,-1.33,9529,510,0.56,18,18,19,-1.30,30,17,7,261839,17,16,17,0.12,1371,72,1383:1,-0.76,1415,74,1350:1,-1.30,2886,151,662:1,-0.65,82473,52,51,54,-0.63,10062,86,84,88,-0.59,83,87,7340,62.5,60.7,64.4,0.29,57.4,63.3,20319,77,-0.03,333518,501126,66.6,65.5,67.6,-1.14,46241,1004123,4.6,-0.60,18,16,21,-0.97,29,18,10,107259,22446,4.8,0.49,154953,399510,39,37,40,0.14,1037,5.5,1.29,8117,441,0.20,5425,58,57,60,-1.35,7.4,-0.06,Yes,1.07,173835,26,26,27,2.09,79,79,80,-0.08,77,78,81,708764,44,43,45,0.65
12013,Florida,Calhoun,7551,6029,9074,-0.26,,,,24,24,25,1.25,5.1,4.9,5.2,1.55,4.1,4.0,4.3,0.00,,8,7,10,-0.29,11,,8,20,19,21,0.60,39,35,43,1.79,6.8,0.22,33,29,37,1.30,27,1.75,16,15,16,-1.04,4,14,29,14,44,-0.22,52,358,-0.33,52,44,61,1.31,51,,55,1653,16,14,18,0.06,6,41,2410:1,0.45,9,62,1603:1,-0.81,2,14,7212:1,1.07,1091,90,72,108,1.35,226,84,72,96,0.12,81,84,122,61.5,47.6,75.4,0.45,,,162,83,-0.66,1701,3821,44.5,37.4,51.6,0.51,281,4956,5.7,0.59,31,22,40,0.83,19,,9,73353,20000,3.7,-1.60,1060,2999,35,27,44,-0.44,14,9.7,-0.26,19,130,-1.67,48,66,49,87,-0.91,8.2,0.93,No,-0.92,775,16,12,21,-0.48,79,73,86,-0.13,,,,3596,39,31,47,0.14
12015,Florida,Charlotte,7689,7092,8287,-0.19,5776,5447,8119,15,14,15,-1.19,3.8,3.7,4.0,-0.89,4.1,3.9,4.2,-0.22,,8,8,9,-0.07,12,8,8,16,16,17,-0.47,26,23,29,-0.74,6.8,0.22,23,20,26,-0.86,88,-0.78,17,16,17,-0.53,31,112,28,23,33,-0.31,312,185,-1.34,26,24,28,-0.71,24,21,28,17535,17,15,18,0.19,115,66,1505:1,-0.53,88,49,2028:1,-0.26,188,105,949:1,-0.08,27066,48,45,50,-0.87,3901,87,85,90,-1.05,90,87,2911,76.4,73.2,79.6,-1.77,71.8,76.5,1377,76,0.07,13693,25409,53.9,50.0,57.8,-0.19,3687,69152,5.3,0.21,23,18,29,-0.24,29,22,18,85064,21093,4.0,-0.91,7885,21851,36,31,41,-0.31,115,6.6,0.86,361,219,-1.13,577,68,63,74,-0.79,6.7,-0.93,Yes,1.07,12320,17,16,19,-0.20,79,77,80,-0.27,79,81,78,43924,31,28,33,-0.65
12017,Florida,Citrus,10222,9492,10953,1.12,7917,7270,10717,19,18,20,-0.07,4.5,4.3,4.7,0.43,4.4,4.2,4.6,0.85,,8,7,9,-0.41,13,7,8,18,18,19,0.14,27,24,31,-0.55,6.6,0.49,30,27,33,0.52,79,-0.41,16,16,17,-0.72,25,115,22,17,27,-0.93,306,220,-1.14,34,32,37,-0.08,24,34,36,13320,15,13,16,-0.33,76,54,1856:1,-0.04,42,29,3420:1,0.59,84,58,1710:1,0.51,22955,47,44,49,-0.93,3563,89,86,92,-1.48,86,89,2368,70.4,67.0,73.7,-0.87,57.1,70.6,1138,77,-0.05,10591,22037,48.1,44.0,52.1,0.25,3238,47754,6.8,1.83,29,21,36,0.50,34,34,29,74733,17730,4.2,-0.57,8645,20635,42,36,48,0.66,122,8.6,0.12,488,356,-0.31,830,118,110,126,2.01,7.1,-0.44,Yes,1.07,8855,15,13,16,-0.93,82,80,84,0.51,85,74,82,35017,33,30,36,-0.42
12019,Florida,Clay,6890,6471,7309,-0.60,5969,4839,7428,15,15,16,-1.01,3.7,3.5,3.8,-1.25,4.0,3.8,4.1,-0.45,,8,8,9,-0.39,12,8,7,18,17,18,-0.05,29,26,33,-0.15,7.6,-0.87,24,20,27,-0.75,84,-0.62,22,21,22,1.50,42,102,41,36,46,1.08,670,335,-0.46,22,21,23,-1.03,21,16,24,20675,12,11,13,-1.12,116,57,1758:1,-0.15,113,54,1843:1,-0.46,168,81,1240:1,0.23,16982,58,54,62,-0.32,3214,82,79,85,0.94,79,82,2113,65.3,61.9,68.8,-0.12,67.9,65.2,2994,84,-0.83,33300,50394,66.1,62.3,69.8,-1.10,4546,100545,4.5,-0.69,14,10,17,-1.65,13,11,13,107819,27709,3.9,-1.18,13823,48298,29,25,32,-1.56,140,6.9,0.78,664,338,-0.42,743,74,69,79,-0.45,7.9,0.55,No,-0.92,10135,15,13,16,-0.84,84,82,85,1.00,78,72,82,74807,56,54,59,1.86
12021,Florida,Collier,5082,4764,5401,-1.54,6850,3964,5481,16,15,16,-0.89,3.5,3.4,3.7,-1.47,3.5,3.4,3.6,-1.99,,7,7,7,-1.32,10,6,7,11,11,11,-2.10,20,18,23,-1.89,7.9,-1.28,19,16,21,-1.77,88,-0.78,15,15,15,-1.31,40,186,22,18,25,-0.95,893,256,-0.93,24,23,25,-0.89,27,37,13,57233,23,22,25,1.93,254,71,1407:1,-0.71,238,65,1534:1,-0.93,338,93,1080:1,0.08,47166,32,30,34,-1.69,4987,87,84,89,-0.75,80,87,4638,75.7,73.2,78.2,-1.66,48.2,76.2,3083,84,-0.83,34619,69476,49.8,47.1,52.5,0.11,7987,167737,4.8,-0.42,18,14,23,-0.97,31,32,9,124673,27249,4.6,0.11,22278,63056,35,32,39,-0.44,272,7.6,0.50,838,247,-0.96,1287,74,70,78,-0.47,6.8,-0.81,No,-0.92,26445,21,20,22,0.74,74,73,75,-1.39,80,64,81,104891,32,30,34,-0.50
12023,Florida,Columbia,9633,8786,10479,0.82,10862,6331,9642,22,21,22,0.59,4.6,4.5,4.7,0.59,4.6,4.5,4.7,1.49,,10,9,11,1.19,15,7,9,22,22,23,1.24,36,32,40,1.20,6.8,0.22,31,27,35,0.83,76,-0.30,18,18,19,0.14,27,83,33,27,38,0.19,297,438,0.14,47,43,50,0.87,64,30,45,6479,13,11,14,-0.96,32,47,2136:1,0.24,36,52,1925:1,-0.37,102,147,679:1,-0.60,6546,83,76,90,0.98,1324,84,79,89,0.12,85,84,898,61.4,56.2,66.5,0.47,71.6,60.3,627,71,0.63,8382,16445,51.0,46.4,55.5,0.03,1436,29826,4.8,-0.36,26,19,34,0.19,44,41,22,84045,18798,4.5,-0.09,5396,14722,37,31,43,-0.22,59,8.6,0.13,439,643,1.41,313,92,82,102,0.54,7.8,0.43,No,-0.92,3930,17,14,19,-0.41,84,82,86,1.03,82,78,84,20853,28,25,32,-0.87
12027,Florida,DeSoto,6622,5612,7631,-0.74,6438,4442,7562,26,26,27,1.80,5.2,5.1,5.3,1.78,4.4,4.3,4.5,0.81,,8,7,9,-0.71,13,6,7,20,20,21,0.68,37,32,42,1.38,7.4,-0.60,30,26,34,0.62,46,0.98,17,16,17,-0.61,13,43,30,22,38,-0.05,111,317,-0.57,49,44,55,1.08,46,50,50,6464,26,23,28,2.61,9,25,3940:1,1.08,6,17,5967:1,1.11,17,47,2106:1,0.65,2963,57,49,66,-0.37,562,86,78,94,-0.59,89,86,290,63.1,54.0,72.2,0.21,72.2,62.5,275,62,1.64,1767,9026,19.6,16.1,23.0,2.38,701,13513,5.2,0.05,42,33,51,2.41,66,64,15,64762,16894,3.8,-1.28,3078,7036,44,36,52,0.97,31,8.7,0.09,160,459,0.30,122,70,57,82,-0.71,6.5,-1.18,No,-0.92,2045,19,16,22,0.14,70,65,74,-2.51,91,53,83,8591,28,23,33,-0.87
12029,Florida,Dixie,10262,8478,12045,1.14,,,,27,26,28,1.96,5.5,5.3,5.7,2.39,4.7,4.6,4.9,1.86,,9,7,11,0.52,,,,25,24,25,2.05,30,26,34,0.11,7.2,-0.33,32,28,37,1.13,19,2.07,17,17,18,-0.40,17,29,59,51,65,2.89,45,283,-0.77,47,39,56,0.90,51,,47,1571,14,12,16,-0.48,2,12,8102:1,1.59,2,12,8150:1,1.30,,,,0.00,1643,96,80,111,1.64,332,81,71,90,1.27,80,81,190,52.6,42.3,62.9,1.77,,,97,98,-2.35,1374,3753,36.6,29.1,44.1,1.10,311,5610,5.5,0.45,34,24,44,1.26,37,,24,63298,15072,4.2,-0.60,1303,2916,45,31,59,1.12,16,9.9,-0.33,66,404,-0.02,115,143,117,169,3.00,7.0,-0.56,No,-0.92,695,12,8,15,-1.73,79,74,85,-0.10,,,,3802,33,25,41,-0.39
12031,Florida,Duval,8735,8519,8951,0.35,11178,6247,8227,18,17,18,-0.38,3.8,3.8,3.9,-0.87,4.1,4.0,4.2,0.00,,10,9,10,0.91,13,8,7,18,18,19,0.05,31,28,33,0.13,6.3,0.90,24,22,26,-0.56,88,-0.81,20,20,20,0.82,210,661,32,30,34,0.11,6484,722,1.81,33,33,34,-0.15,49,34,23,102384,13,12,14,-0.77,781,86,1169:1,-1.28,731,79,1267:1,-1.50,1507,163,615:1,-0.80,58613,60,58,61,-0.25,10944,84,82,86,0.11,82,85,6619,65.3,63.4,67.3,-0.12,68.8,64.6,8461,77,-0.05,169354,258399,65.5,64.1,66.9,-1.06,23601,468907,5.0,-0.12,21,17,24,-0.64,38,26,14,96521,21043,4.6,0.13,86804,203357,43,41,45,0.79,821,9.0,-0.01,5734,645,1.42,3830,85,82,88,0.16,8.5,1.30,Yes,1.07,67330,20,19,21,0.53,80,80,81,0.12,78,77,84,338553,32,31,32,-0.55
12033,Florida,Escambia,9331,8941,9721,0.66,12330,5347,8842,17,17,17,-0.61,4.0,3.9,4.2,-0.50,4.0,3.8,4.1,-0.52,,10,10,11,1.62,16,7,8,17,16,17,-0.39,29,26,32,-0.17,6.2,1.03,26,24,29,-0.20,66,0.12,18,17,18,-0.07,65,222,29,26,33,-0.15,1994,642,1.34,35,34,37,0.01,57,23,28,30908,13,12,14,-0.90,203,65,1532:1,-0.48,183,58,1722:1,-0.63,515,163,612:1,-0.80,26690,56,54,59,-0.41,4766,82,79,84,0.88,80,82,2998,60.4,57.7,63.2,0.61,56.4,61.0,2745,73,0.40,50850,76315,66.6,,,-1.14,6973,140893,4.9,-0.21,26,20,31,0.10,41,22,15,86286,22169,3.9,-1.17,25731,63567,40,37,44,0.42,270,8.7,0.11,2254,736,1.97,1129,73,69,77,-0.51,8.9,1.79,No,-0.92,18035,16,15,17,-0.54,76,74,77,-1.00,78,63,79,105261,21,20,22,-1.57
12035,Florida,Flagler,7511,6816,8207,-0.28,7736,5236,8021,14,13,14,-1.46,3.6,3.4,3.7,-1.41,3.9,3.7,4.0,-0.75,,8,7,8,-0.69,12,7,7,16,15,16,-0.75,24,21,28,-1.14,6.8,0.22,23,20,27,-0.79,86,-0.72,17,17,18,-0.34,37,92,40,35,45,0.98,309,302,-0.66,23,21,25,-0.96,29,21,22,11735,16,14,17,-0.07,54,51,1952:1,0.07,39,36,2777:1,0.30,55,51,1969:1,0.61,12399,53,49,57,-0.60,2096,88,84,92,-1.37,91,88,1448,73.5,69.1,78.0,-1.35,71.1,73.8,1066,77,-0.05,11588,19656,59.0,54.1,63.8,-0.57,2492,44984,5.5,0.45,19,14,25,-0.82,35,19,18,88584,24099,3.7,-1.58,6470,18397,35,29,41,-0.47,66,6.3,1.00,265,265,-0.86,350,68,61,75,-0.79,6.5,-1.18,No,-0.92,6710,19,17,21,0.15,83,80,85,0.69,82,77,78,30794,37,34,40,-0.04
12037,Florida,Franklin,9380,7334,11426,0.69,10547,,10188,19,18,19,-0.09,4.3,4.2,4.4,-0.01,4.0,3.9,4.2,-0.25,,8,6,10,-0.35,,,,18,18,19,0.05,33,28,38,0.64,7.5,-0.74,27,23,31,0.03,88,-0.81,25,24,25,2.80,5,14,36,21,50,0.52,41,347,-0.39,65,53,78,2.30,,,,1275,17,15,19,0.29,4,34,2940:1,0.74,3,25,3967:1,0.76,6,50,1984:1,0.61,1188,70,54,86,0.29,213,82,70,94,0.78,84,82,151,53.0,41.4,64.6,1.72,,,98,48,3.00,1178,3254,36.2,29.3,43.1,1.13,206,4778,4.3,-0.92,36,26,46,1.54,31,,28,81908,15801,5.2,1.24,601,1934,31,21,41,-1.15,14,11.9,-1.08,54,457,0.29,56,95,72,124,0.73,7.1,-0.44,Yes,1.07,785,18,14,23,0.09,78,72,83,-0.47,,,,3261,24,17,30,-1.33
12039,Florida,Gadsden,9906,8820,10992,0.96,11850,,8246,24,23,24,1.18,4.6,4.4,4.7,0.55,4.2,4.0,4.3,0.11,,12,11,13,3.20,15,6,8,17,17,18,-0.23,36,32,40,1.16,5.8,1.58,33,29,37,1.19,52,0.73,14,14,15,-1.56,21,64,33,26,39,0.22,364,787,2.19,46,42,50,0.82,52,55,20,5900,16,15,18,0.11,8,17,5755:1,1.40,9,20,5112:1,1.00,51,111,902:1,-0.15,2387,51,42,59,-0.71,463,81,73,90,1.03,84,78,209,62.2,51.5,72.9,0.34,60.7,63.3,292,65,1.30,4602,11401,40.4,35.5,45.3,0.82,1149,18340,6.3,1.26,34,25,43,1.24,48,36,15,74700,15670,4.8,0.46,5723,10256,56,49,63,2.98,46,10.0,-0.37,211,462,0.32,170,74,63,85,-0.48,9.2,2.17,No,-0.92,3530,21,18,24,0.70,84,80,87,0.96,86,59,82,13525,52,46,57,1.40
12041,Florida,Gilchrist,9159,7405,10913,0.57,,,,20,20,21,0.27,4.9,4.7,5.1,1.23,4.5,4.3,4.7,1.09,,8,6,9,-0.85,19,8,7,21,21,22,1.06,32,27,36,0.35,7.7,-1.01,31,27,36,0.83,21,1.99,17,16,18,-0.41,3,17,18,6,32,-1.35,43,253,-0.95,39,33,46,0.30,54,63,37,2425,19,17,21,0.70,6,35,2867:1,0.71,5,29,3442:1,0.60,4,23,4303:1,0.95,1670,74,61,88,0.51,264,87,76,98,-0.93,,,159,59.1,47.2,71.1,0.80,,,166,93,-1.79,1666,3436,48.5,40.5,56.4,0.21,342,6652,5.1,0.00,25,18,32,-0.01,,51,38,80983,18297,4.4,-0.17,867,3203,27,16,38,-1.82,10,5.8,1.16,41,243,-0.99,81,95,76,118,0.72,7.4,-0.06,No,-0.92,975,16,12,19,-0.68,80,76,84,0.08,,,,4930,52,44,59,1.41
12043,Florida,Glades,8883,6629,11137,0.43,,,,22,21,22,0.68,4.6,4.5,4.8,0.68,4.5,4.3,4.6,1.06,,9,6,11,0.07,,9,7,21,20,21,0.76,33,29,38,0.64,5.1,2.53,33,29,38,1.34,45,1.01,18,17,18,-0.13,8,31,26,16,36,-0.51,39,286,-0.75,27,21,36,-0.61,,35,20,2207,26,23,29,2.73,,,,0.00,5,36,2794:1,0.31,,,,0.00,623,83,59,106,0.96,144,83,68,97,0.61,77,84,63,68.3,47.9,88.7,-0.56,,,,,0.00,985,3231,30.5,24.4,36.6,1.56,299,4816,6.2,1.19,31,22,39,0.80,47,39,20,62629,14094,4.4,-0.14,887,2217,40,24,56,0.34,9,6.6,0.88,39,293,-0.69,53,78,59,102,-0.22,6.3,-1.43,No,-0.92,555,14,10,19,-0.97,73,68,78,-1.59,,76,64,2611,25,17,33,-1.17
12045,Florida,Gulf,7933,6165,9701,-0.06,6831,,8662,21,21,22,0.49,4.7,4.5,4.8,0.74,3.9,3.8,4.1,-0.56,,7,6,9,-1.19,12,,7,18,18,19,0.09,31,27,36,0.31,7.1,-0.19,30,26,34,0.52,57,0.51,22,21,23,1.66,8,11,73,63,80,3.00,42,263,-0.88,39,32,48,0.30,46,,39,1379,14,12,16,-0.47,6,38,2645:1,0.59,2,13,7995:1,1.29,10,63,1599:1,0.46,1808,69,57,81,0.25,324,81,71,90,1.33,84,80,216,60.2,49.8,70.5,0.64,77.8,58.6,146,83,-0.66,2098,4361,48.1,40.1,56.1,0.24,272,5995,4.5,-0.67,30,22,38,0.69,21,,18,85333,16502,5.2,1.22,971,2523,38,27,50,0.09,25,15.8,-2.49,76,475,0.40,61,77,59,99,-0.30,7.2,-0.31,No,-0.92,1030,19,15,24,0.27,78,74,83,-0.39,,,,4318,30,23,37,-0.71
12047,Florida,Hamilton,10022,8095,11949,1.02,10965,,9828,23,23,24,1.02,5.0,4.8,5.1,1.36,4.4,4.2,4.5,0.77,,9,8,11,0.58,14,8,7,23,22,24,1.52,34,29,38,0.74,5.8,1.58,32,28,37,1.07,48,0.89,19,19,20,0.53,13,30,43,34,52,1.31,119,847,2.55,55,46,64,1.49,57,73,50,1378,15,13,17,-0.36,3,21,4765:1,1.25,2,14,7181:1,1.23,1,7,14361:1,1.15,1338,81,66,96,0.88,270,85,74,96,-0.27,84,86,178,69.7,57.4,81.9,-0.77,61.3,71.4,99,73,0.46,1216,3607,33.7,27.0,40.4,1.32,262,4644,5.6,0.56,38,27,49,1.83,48,52,27,74631,13685,5.5,1.75,1288,2680,48,37,59,1.69,12,8.4,0.21,58,397,-0.06,61,85,65,109,0.16,8.0,0.68,No,-0.92,675,14,10,18,-0.99,80,75,86,0.15,85,,83,3068,28,21,35,-0.91
12049,Florida,Hardee,6859,5769,7949,-0.62,9217,4858,8198,29,28,29,2.46,5.0,4.9,5.1,1.40,4.2,4.1,4.3,0.32,,7,6,8,-1.26,7,7,7,19,18,19,0.24,35,30,40,0.96,6.4,0.76,34,29,39,1.51,76,-0.30,15,14,15,-1.37,11,29,38,28,47,0.75,120,437,0.14,61,55,67,1.95,29,68,57,4681,22,20,24,1.56,4,15,6876:1,1.51,10,37,2736:1,0.28,4,15,6840:1,1.06,1863,78,65,90,0.69,431,86,77,94,-0.41,83,86,202,57.9,47.4,68.4,0.98,,,375,60,1.86,1682,7036,23.9,18.4,29.4,2.05,626,9389,6.7,1.71,32,24,41,1.03,54,43,26,76571,16304,4.7,0.33,2924,7333,40,31,49,0.32,33,12.0,-1.11,73,260,-0.89,104,76,61,90,-0.36,6.7,-0.93,No,-0.92,1675,22,18,26,1.08,76,71,80,-1.04,,67,87,7077,35,28,43,-0.21
12051,Florida,Hendry,7582,6645,8519,-0.24,11974,4926,9149,24,24,25,1.28,4.4,4.3,4.5,0.21,3.8,3.7,3.9,-0.95,,8,7,9,-0.60,16,7,8,15,15,16,-0.83,35,30,40,0.96,7.0,-0.06,30,26,34,0.54,56,0.55,16,16,17,-0.79,17,54,31,24,39,0.08,233,605,1.13,54,49,59,1.43,52,55,51,8688,26,24,28,2.69,15,38,2608:1,0.57,16,41,2456:1,0.10,18,46,2183:1,0.67,2447,66,55,76,0.07,417,82,73,91,0.83,89,81,197,59.4,48.6,70.2,0.76,61.9,59.1,518,77,-0.05,3069,10112,30.4,25.1,35.6,1.57,1402,15480,9.1,4.38,35,26,44,1.44,43,35,17,77457,16171,4.8,0.51,4488,10567,42,34,50,0.75,34,8.7,0.11,259,682,1.64,150,78,66,91,-0.22,6.9,-0.68,Yes,1.07,2365,21,17,25,0.81,64,60,69,-3.79,82,51,80,9715,37,30,43,-0.08
12053,Florida,Hernando,8648,8088,9208,0.31,10041,6264,9045,19,18,19,-0.13,4.5,4.4,4.7,0.46,4.3,4.2,4.5,0.60,,9,8,9,0.19,14,8,8,17,17,18,-0.28,31,28,35,0.23,6.7,0.35,27,24,31,0.03,82,-0.54,17,17,18,-0.42,24,133,18,14,23,-1.31,453,258,-0.92,25,23,27,-0.79,33,21,25,19907,16,14,17,-0.12,95,53,1878:1,-0.01,67,37,2729:1,0.28,131,72,1396:1,0.34,16064,55,51,58,-0.51,2698,85,82,89,-0.31,78,86,1621,68.2,64.1,72.2,-0.55,73.2,68.0,1699,78,-0.16,19144,34670,55.2,52.0,58.5,-0.29,4122,67466,6.1,1.08,23,17,28,-0.32,45,29,20,78786,19914,4.0,-1.05,12406,32331,38,35,42,0.07,117,6.6,0.89,501,286,-0.73,962,109,102,116,1.48,7.1,-0.44,No,-0.92,12505,18,17,19,-0.08,83,81,84,0.74,86,80,82,49091,39,37,41,0.19
12055,Florida,Highlands,7938,7210,8667,-0.06,10871,4746,8722,21,21,22,0.51,4.4,4.3,4.5,0.19,4.5,4.3,4.6,1.05,,8,8,9,-0.18,11,8,8,17,16,17,-0.34,31,28,35,0.25,6.6,0.49,27,24,31,0.07,81,-0.49,15,15,16,-1.21,27,102,26,21,32,-0.44,270,275,-0.82,41,38,45,0.47,49,43,40,11807,18,16,20,0.60,61,61,1631:1,-0.33,37,37,2727:1,0.28,66,65,1529:1,0.42,14001,55,52,59,-0.46,2330,85,81,88,-0.11,82,85,1260,64.8,60.3,69.2,-0.04,55.2,65.2,881,64,1.41,7473,17625,42.4,38.0,46.8,0.67,2376,36071,6.6,1.62,32,24,40,1.03,47,49,18,67791,17464,3.9,-1.19,5810,17402,33,28,39,-0.77,116,11.7,-0.99,296,329,-0.47,467,94,86,103,0.69,6.5,-1.18,Yes,1.07,6530,16,15,18,-0.46,81,78,83,0.22,82,71,85,24992,20,17,22,-1.70
12057,Florida,Hillsborough,6882,6723,7041,-0.61,9584,5136,7098,19,18,19,-0.20,3.9,3.8,4.0,-0.74,4.0,3.9,4.1,-0.41,,9,9,9,0.40,14,8,7,17,16,17,-0.44,27,25,30,-0.51,7.4,-0.60,23,21,25,-0.94,92,-0.95,20,19,20,0.65,293,925,32,30,33,0.10,7588,577,0.96,29,28,29,-0.51,46,35,19,169320,15,14,16,-0.36,1135,84,1189:1,-1.22,778,57,1769:1,-0.56,2246,163,613:1,-0.80,66373,61,59,63,-0.18,9977,83,82,85,0.32,81,84,6773,62.8,60.9,64.7,0.26,61.6,62.9,14502,76,0.07,246694,376337,65.6,64.5,66.6,-1.06,31675,706028,4.5,-0.73,20,17,23,-0.72,36,31,11,105350,21696,4.9,0.63,119786,302706,40,38,41,0.27,998,7.4,0.58,4407,339,-0.41,4496,68,66,70,-0.79,7.0,-0.56,Yes,1.07,96040,20,20,21,0.53,80,80,81,0.11,80,77,83,499721,42,41,43,0.45
12059,Florida,Holmes,10111,8401,11821,1.07,,,,23,22,23,0.83,5.0,4.9,5.2,1.45,4.5,4.3,4.7,1.16,,8,6,9,-0.75,,,,21,21,22,1.02,31,27,36,0.31,6.5,0.62,35,31,39,1.62,28,1.73,16,15,16,-1.03,5,32,16,7,26,-1.56,71,361,-0.31,50,43,58,1.14,,,,2318,17,15,19,0.17,7,36,2761:1,0.66,8,41,2436:1,0.09,16,82,1218:1,0.21,1919,104,89,119,2.10,421,80,72,89,1.50,,,219,54.3,44.6,64.1,1.51,,,221,81,-0.50,1896,4788,39.6,33.7,45.4,0.88,364,6741,5.4,0.29,35,25,44,1.34,36,,38,73545,13763,5.3,1.54,1505,3822,39,28,51,0.24,27,14.0,-1.84,59,296,-0.67,85,87,69,107,0.25,8.8,1.67,No,-0.92,905,13,10,17,-1.24,84,80,88,1.09,,,,5332,48,41,56,1.07
12061,Florida,Indian River,6946,6391,7500,-0.57,10517,3374,7020,16,16,17,-0.73,4.0,3.9,4.1,-0.53,4.2,4.1,4.3,0.28,,8,8,9,-0.40,15,6,7,16,15,16,-0.70,25,22,28,-0.98,6.8,0.22,25,22,29,-0.35,83,-0.57,19,19,20,0.54,32,103,31,26,36,0.04,443,306,-0.63,28,26,30,-0.56,48,37,22,19588,19,17,21,0.89,103,70,1436:1,-0.65,99,65,1531:1,-0.93,181,119,837:1,-0.25,22919,36,34,39,-1.47,2558,87,84,91,-0.95,83,87,2322,71.3,67.9,74.8,-1.01,65.5,71.5,1312,81,-0.50,14624,26540,55.1,50.7,59.5,-0.28,3829,62248,6.2,1.13,22,16,27,-0.51,39,31,16,96728,21305,4.5,0.04,8779,24870,35,30,40,-0.45,147,9.9,-0.35,421,296,-0.67,646,89,82,96,0.37,6.1,-1.68,No,-0.92,9915,17,16,19,-0.22,80,78,83,0.14,80,69,82,42278,25,23,28,-1.16
12063,Florida,Jackson,8935,7958,9912,0.46,9596,,9182,26,26,27,1.76,4.8,4.6,4.9,0.96,4.5,4.4,4.6,1.15,,9,8,10,0.42,14,8,7,24,24,25,1.96,35,31,39,0.94,6.8,0.22,34,30,38,1.47,28,1.71,16,16,17,-0.87,12,86,14,9,20,-1.73,262,537,0.72,39,35,43,0.28,35,42,41,4377,14,12,15,-0.65,20,41,2430:1,0.46,9,19,5359:1,1.03,53,110,910:1,-0.13,5189,80,72,87,0.81,1164,85,80,90,-0.13,84,85,607,68.4,61.8,74.9,-0.58,66.0,68.8,452,70,0.74,5991,13451,44.5,40.2,48.8,0.51,916,17361,5.3,0.15,31,24,37,0.83,55,53,25,70821,15203,4.7,0.26,3920,8845,44,37,52,1.06,58,11.9,-1.09,193,408,0.00,199,82,70,93,-0.03,9.1,2.04,Yes,1.07,2140,13,11,15,-1.24,88,85,91,2.00,84,84,88,13850,29,26,32,-0.80
12065,Florida,Jefferson,7976,6082,9869,-0.04,9768,,7561,17,17,18,-0.48,4.3,4.2,4.5,0.09,3.9,3.8,4.0,-0.67,,10,8,12,1.35,14,,7,16,16,17,-0.59,32,28,37,0.51,6.6,0.49,27,24,31,0.05,51,0.74,15,15,16,-1.24,8,25,32,21,43,0.13,69,491,0.45,32,25,40,-0.27,40,,23,1399,14,12,16,-0.54,3,21,4694:1,1.24,3,22,4635:1,0.91,5,36,2781:1,0.79,1065,58,44,72,-0.35,157,80,66,94,1.43,82,79,115,54.8,41.3,68.3,1.45,55.9,54.3,,,0.00,1404,3651,38.5,31.9,45.0,0.96,289,5426,5.3,0.21,29,21,36,0.49,43,,2,84722,17608,4.8,0.55,1165,2392,49,35,62,1.80,14,9.9,-0.35,110,764,2.14,47,67,49,89,-0.87,8.6,1.42,No,-0.92,795,15,11,19,-0.87,82,78,86,0.53,91,,66,3862,58,50,66,2.04
12067,Florida,Lafayette,5358,4325,6564,-1.39,,,,23,22,23,0.91,4.6,4.5,4.8,0.70,4.2,4.0,4.3,0.23,,7,5,10,-1.06,,,,22,22,23,1.26,35,31,40,1.06,7.6,-0.87,33,29,37,1.19,14,2.31,17,16,18,-0.51,4,12,33,18,49,0.27,19,215,-1.17,38,29,50,0.23,,,,1256,22,19,24,1.60,1,12,8663:1,1.63,,,,0.00,1,12,8617:1,1.10,509,83,58,108,0.98,86,85,65,100,-0.16,,,63,49.2,31.9,66.5,2.28,,,77,88,-1.23,1012,2790,36.3,26.6,46.0,1.13,125,3066,4.1,-1.19,28,20,37,0.47,79,34,8,76417,16806,4.5,0.05,386,1812,21,12,30,-2.79,15,17.3,-3.00,26,291,-0.70,30,69,46,98,-0.76,7.5,0.06,No,-0.92,420,16,10,21,-0.68,77,68,86,-0.62,,,,1884,37,25,49,-0.06
12069,Florida,Lake,7478,7098,7858,-0.30,9402,4055,8020,15,15,16,-1.02,3.9,3.8,4.0,-0.80,3.9,3.8,4.1,-0.56,,9,8,9,0.12,15,7,8,17,16,17,-0.34,28,25,31,-0.35,7.2,-0.33,26,23,28,-0.29,86,-0.71,17,17,18,-0.29,67,240,28,25,31,-0.29,1056,335,-0.47,32,30,33,-0.30,46,32,29,34254,14,13,16,-0.45,234,72,1393:1,-0.74,153,46,2192:1,-0.10,261,78,1285:1,0.27,43134,56,54,58,-0.43,6836,87,85,89,-0.88,87,87,4250,72.3,69.7,74.9,-1.16,66.7,72.5,3075,76,0.07,37816,67105,56.4,53.4,59.3,-0.37,7031,144463,4.9,-0.30,19,15,24,-0.82,23,28,19,89302,21687,4.1,-0.75,22751,62793,36,33,39,-0.29,276,8.5,0.19,957,317,-0.54,1522,96,91,101,0.76,7.4,-0.06,Yes,1.07,20560,17,16,19,-0.17,81,80,83,0.35,79,69,81,99595,44,42,47,0.66
12071,Florida,Lee,6739,6489,6989,-0.68,9921,4469,7074,17,17,17,-0.59,3.8,3.6,3.9,-1.05,3.7,3.6,3.8,-1.23,,8,8,8,-0.29,14,7,7,14,14,14,-1.21,25,22,27,-1.06,7.4,-0.60,23,21,26,-0.79,87,-0.74,19,18,19,0.29,106,437,24,22,27,-0.67,2397,353,-0.36,27,26,28,-0.62,45,36,19,100793,20,19,21,1.05,433,62,1621:1,-0.34,347,48,2082:1,-0.20,673,93,1073:1,0.08,75017,47,45,48,-0.93,9704,87,85,89,-0.99,86,87,8002,73.9,72.0,75.7,-1.39,61.4,74.2,6455,75,0.18,77959,145329,53.6,51.8,55.5,-0.17,15077,328512,4.6,-0.61,22,19,25,-0.44,40,38,15,97723,22662,4.3,-0.39,51103,125416,41,39,43,0.46,451,6.4,0.94,2240,341,-0.40,2759,81,78,84,-0.07,6.9,-0.68,Yes,1.07,47155,19,19,20,0.28,80,79,81,0.01,82,72,82,214923,42,41,43,0.47
12073,Florida,Leon,6054,5714,6393,-1.04,8258,3739,5411,15,15,15,-1.15,3.9,3.8,4.0,-0.83,4.0,3.9,4.1,-0.29,,9,9,10,0.78,14,5,6,14,14,15,-1.12,27,24,31,-0.51,6.0,1.31,18,16,20,-1.91,97,-1.16,22,21,23,1.63,57,162,35,31,39,0.46,2975,1048,3.73,13,12,14,-1.73,23,7,7,27385,11,10,13,-1.25,238,83,1203:1,-1.19,125,43,2303:1,-0.01,561,195,513:1,-1.20,12675,47,43,51,-0.90,1603,81,77,86,1.12,78,82,1102,63.2,58.6,67.9,0.19,65.9,62.7,2226,88,-1.26,55610,70972,78.4,75.7,81.0,-2.02,6846,149890,4.6,-0.64,19,14,24,-0.88,38,20,6,101584,18649,5.4,1.74,20324,53099,38,36,41,0.05,375,13.1,-1.52,1946,683,1.65,697,49,45,53,-1.86,9.1,2.04,No,-0.92,25070,23,21,24,1.19,81,80,82,0.31,79,77,83,112925,21,20,22,-1.55
12075,Florida,Levy,10375,9168,11581,1.20,17817,,10226,21,20,21,0.39,4.7,4.5,4.8,0.73,4.6,4.4,4.7,1.39,,9,8,10,0.28,16,8,8,22,22,23,1.27,33,29,37,0.62,7.3,-0.47,31,27,34,0.75,36,1.37,16,15,16,-1.03,24,88,27,22,33,-0.35,166,419,0.03,36,32,40,0.03,45,31,35,5258,17,16,19,0.36,9,23,4426:1,1.19,10,25,3996:1,0.77,7,18,5709:1,1.02,4331,65,57,73,0.03,721,87,80,94,-0.93,86,87,506,59.9,53.1,66.6,0.69,,,332,82,-0.61,3406,8113,42.0,36.1,47.9,0.70,862,16626,5.2,0.05,32,24,40,1.03,45,26,42,66820,15606,4.3,-0.45,3339,7955,42,33,51,0.67,35,8.8,0.07,112,275,-0.80,245,123,108,139,2.29,7.4,-0.06,No,-0.92,2420,15,13,18,-0.69,78,75,81,-0.38,83,,75,10811,51,45,56,1.29
12077,Florida,Liberty,7742,5524,9960,-0.16,,,,22,22,23,0.76,4.8,4.6,4.9,0.96,4.2,4.1,4.4,0.33,,7,5,10,-1.09,,,,21,21,22,1.02,40,35,44,1.93,6.8,0.22,30,26,35,0.66,20,2.06,17,17,18,-0.30,2,8,25,7,46,-0.59,29,347,-0.39,49,38,63,1.08,,,,768,15,13,16,-0.42,,,,0.00,2,24,4101:1,0.79,9,110,911:1,-0.13,437,117,85,148,2.76,95,84,66,100,0.07,,,45,64.4,41.0,87.9,0.01,,,94,78,-0.10,815,2416,33.7,25.9,41.6,1.32,141,2649,5.3,0.20,29,21,38,0.59,,15,13,85588,18851,4.5,0.04,600,1463,41,27,55,0.51,7,8.4,0.21,11,127,-1.68,32,77,53,109,-0.29,7.6,0.18,No,-0.92,360,15,11,20,-0.75,74,64,84,-1.50,,,,2005,45,35,54,0.71
12079,Florida,Madison,10328,8624,12032,1.18,11357,,9444,22,22,23,0.71,4.6,4.5,4.7,0.58,4.3,4.2,4.5,0.71,,12,11,14,3.00,18,,8,19,19,20,0.45,34,29,38,0.72,5.8,1.58,32,28,36,1.11,50,0.81,16,16,17,-0.80,12,36,33,25,42,0.27,75,405,-0.05,38,32,45,0.23,42,,36,2065,16,14,18,-0.09,2,11,9204:1,1.65,5,27,3645:1,0.66,7,38,2603:1,0.76,1817,90,76,103,1.33,369,89,79,99,-1.54,85,90,181,56.4,45.4,67.3,1.21,45.2,59.7,198,58,2.15,2127,4676,45.5,38.4,52.5,0.44,393,7412,5.3,0.18,40,31,49,2.13,44,18,38,65962,12163,5.4,1.69,1561,3615,43,33,54,0.87,26,14.1,-1.89,154,809,2.41,78,84,67,105,0.10,8.2,0.93,Yes,1.07,1420,21,18,25,0.85,79,75,83,-0.16,76,,82,4600,41,33,48,0.32
12081,Florida,Manatee,7791,7419,8163,-0.14,11304,5349,8123,16,15,16,-0.92,3.8,3.7,3.9,-1.04,3.8,3.7,3.9,-1.05,,7,7,8,-0.94,13,6,7,16,16,17,-0.57,27,24,30,-0.66,7.6,-0.87,22,20,25,-0.98,90,-0.89,17,17,18,-0.41,76,264,29,26,32,-0.20,1472,419,0.03,34,33,36,-0.07,54,63,20,48161,18,17,20,0.54,207,57,1755:1,-0.16,188,50,1999:1,-0.29,353,94,1065:1,0.07,37319,45,43,47,-1.03,4551,86,83,88,-0.41,80,86,4053,70.2,67.7,72.8,-0.85,66.9,70.4,2909,78,-0.16,40146,73844,54.4,52.0,56.7,-0.22,7693,168742,4.6,-0.65,21,16,25,-0.65,42,41,10,102697,22486,4.6,0.09,26342,67937,39,36,42,0.13,274,7.5,0.53,1975,581,1.04,1669,94,90,99,0.69,7.3,-0.19,No,-0.92,25200,19,18,20,0.20,79,78,81,-0.08,81,72,79,113548,35,34,37,-0.20
12083,Florida,Marion,9025,8619,9431,0.50,9852,6059,9509,20,19,20,0.12,4.5,4.4,4.6,0.43,4.3,4.2,4.4,0.57,,8,8,9,-0.04,13,7,7,18,17,18,-0.06,30,27,33,0.05,6.8,0.22,28,26,31,0.24,79,-0.43,16,16,17,-0.84,91,306,30,27,33,-0.10,1337,394,-0.12,37,36,39,0.14,50,32,36,39320,17,15,18,0.14,203,59,1691:1,-0.24,139,40,2511:1,0.14,294,84,1187:1,0.19,37783,47,45,49,-0.90,6249,88,85,90,-1.11,87,88,3660,70.8,68.1,73.5,-0.94,68.0,71.0,2999,81,-0.50,34192,68737,49.7,47.0,52.5,0.12,7731,132670,5.8,0.77,28,23,34,0.45,45,47,20,76471,19194,4.0,-1.00,25958,62858,41,38,45,0.56,248,7.2,0.65,1496,442,0.20,2110,124,119,129,2.33,7.7,0.31,Yes,1.07,22330,17,16,18,-0.35,80,79,82,0.12,82,76,81,92756,33,30,35,-0.47
12085,Florida,Martin,6337,5785,6888,-0.89,9427,4313,6686,14,14,14,-1.36,3.4,3.3,3.5,-1.82,3.8,3.6,3.9,-1.08,,7,7,8,-1.31,15,6,6,13,13,14,-1.44,20,17,23,-1.95,7.7,-1.01,22,19,25,-1.17,97,-1.16,20,20,21,0.85,45,128,35,31,40,0.46,356,232,-1.07,21,19,23,-1.11,41,53,10,17862,17,15,18,0.17,110,70,1421:1,-0.68,114,72,1392:1,-1.21,243,153,653:1,-0.68,21852,45,42,47,-1.04,2056,87,83,91,-0.84,91,87,2123,75.4,71.7,79.1,-1.62,71.4,75.5,1534,89,-1.39,16153,28444,56.8,52.7,60.9,-0.41,3465,71307,4.9,-0.31,18,13,23,-1.02,38,37,8,111696,22741,4.9,0.74,8024,25812,31,27,35,-1.15,153,9.8,-0.30,351,232,-1.05,608,79,73,85,-0.17,6.5,-1.18,Yes,1.07,11420,19,17,20,0.17,77,76,78,-0.64,83,61,80,47002,36,34,39,-0.11
12086,Florida,Miami-Dade,5240,5141,5339,-1.46,10089,4055,5475,21,20,21,0.36,3.6,3.5,3.7,-1.35,3.5,3.4,3.6,-1.93,,9,9,9,0.16,14,7,7,14,13,14,-1.37,21,19,24,-1.72,9.0,-2.78,23,21,26,-0.86,95,-1.09,17,16,17,-0.61,195,1373,14,13,15,-1.71,11851,445,0.18,20,20,21,-1.16,38,17,10,473278,21,20,22,1.40,2162,80,1246:1,-1.07,1721,63,1576:1,-0.85,3870,143,701:1,-0.54,91973,70,68,72,0.30,14239,87,85,88,-0.78,82,87,7925,56.7,55.0,58.3,1.17,52.3,57.1,26562,78,-0.16,455263,756372,60.2,59.4,61.0,-0.66,72494,1341510,5.4,0.30,25,23,27,-0.04,43,26,12,96401,17225,5.6,2.02,221460,544918,41,40,42,0.45,1291,4.8,1.54,17098,650,1.45,6398,48,47,49,-1.90,7.9,0.55,No,-0.92,263575,32,31,32,3.55,77,76,77,-0.74,74,78,77,931770,52,51,52,1.38
12087,Florida,Monroe,7616,6873,8360,-0.23,6374,3956,9242,14,14,15,-1.30,3.8,3.7,3.9,-0.96,3.7,3.6,3.9,-1.21,,7,6,8,-1.54,11,7,6,16,16,16,-0.61,23,20,27,-1.40,7.8,-1.15,22,18,25,-1.13,100,-1.29,26,26,27,3.41,31,101,31,26,36,0.00,189,245,-0.99,20,17,23,-1.17,30,28,14,12000,20,18,22,1.06,57,74,1359:1,-0.81,44,56,1797:1,-0.52,146,185,542:1,-1.07,9227,47,43,52,-0.89,970,80,75,86,1.38,81,80,976,58.3,53.5,63.1,0.92,,,610,77,-0.05,11513,19130,60.2,55.8,64.6,-0.66,1463,46308,3.2,-2.21,18,13,23,-1.01,24,22,12,117050,24948,4.7,0.32,4038,11414,35,29,41,-0.43,97,12.5,-1.30,392,515,0.64,384,100,90,110,0.98,6.5,-1.18,No,-0.92,8065,28,26,30,2.70,69,66,71,-2.76,57,66,69,27375,19,17,21,-1.80
12089,Florida,Nassau,7434,6727,8141,-0.32,9791,,7517,17,16,17,-0.71,4.1,4.0,4.3,-0.33,4.3,4.1,4.4,0.46,,8,7,8,-0.91,20,6,7,16,15,16,-0.65,29,25,33,-0.19,7.4,-0.60,24,21,27,-0.67,69,0.02,19,18,19,0.19,24,75,32,26,38,0.13,189,247,-0.98,29,26,32,-0.48,28,29,29,7472,12,11,13,-1.08,36,46,2179:1,0.28,24,30,3359:1,0.57,82,102,983:1,-0.03,8426,48,44,53,-0.83,1320,86,81,91,-0.59,80,87,1109,67.1,62.3,71.9,-0.38,66.0,67.1,847,91,-1.62,10232,17527,58.4,53.6,63.1,-0.52,1706,37328,4.6,-0.64,14,11,18,-1.52,16,38,18,113643,26712,4.3,-0.50,5156,15485,33,28,39,-0.78,90,11.5,-0.92,99,131,-1.66,359,93,83,103,0.60,8.0,0.68,Yes,1.07,4170,15,13,17,-0.86,82,80,84,0.58,75,,80,26829,50,46,53,1.20
12091,Florida,Okaloosa,7220,6804,7635,-0.43,9152,4212,7273,16,16,17,-0.72,4.0,3.9,4.1,-0.58,4.0,3.9,4.1,-0.33,,8,7,8,-0.73,13,7,7,17,17,18,-0.20,26,23,28,-0.86,7.0,-0.06,23,20,26,-0.86,74,-0.19,20,20,21,0.85,41,131,31,27,36,0.06,984,501,0.51,33,31,35,-0.19,43,34,32,20675,13,11,14,-0.94,160,81,1242:1,-1.08,157,78,1281:1,-1.47,296,147,680:1,-0.60,19310,50,47,54,-0.73,3097,78,75,81,2.09,69,79,2282,64.6,61.3,67.9,-0.02,54.0,65.1,2181,82,-0.61,36059,53075,67.9,65.1,70.8,-1.24,3767,93827,4.0,-1.26,16,12,21,-1.24,23,28,16,106353,26125,4.1,-0.84,13779,42949,32,29,35,-0.98,183,9.2,-0.09,838,435,0.16,687,70,65,75,-0.68,8.6,1.42,No,-0.92,12655,17,16,18,-0.25,83,82,85,0.91,79,81,84,77307,31,30,33,-0.57
12093,Florida,Okeechobee,9732,8632,10831,0.87,7929,5902,11553,26,26,27,1.80,5.0,4.8,5.1,1.38,4.4,4.3,4.6,0.95,,8,7,9,-0.45,13,7,8,21,21,22,1.06,29,25,34,-0.13,5.2,2.39,31,26,35,0.81,77,-0.35,16,16,17,-0.78,15,45,33,26,41,0.27,163,416,0.02,55,50,61,1.54,38,59,54,7081,24,21,26,2.11,19,48,2077:1,0.19,16,40,2520:1,0.15,21,52,1920:1,0.59,3400,115,104,127,2.66,615,80,73,87,1.46,95,80,336,66.7,57.9,75.4,-0.32,,,484,66,1.19,3205,9893,32.4,27.9,36.9,1.42,956,17591,5.4,0.33,29,21,38,0.62,75,51,23,70875,16278,4.4,-0.31,3825,8425,45,37,54,1.24,34,8.6,0.13,168,421,0.08,174,88,75,101,0.32,6.2,-1.55,Yes,1.07,2515,19,16,22,0.24,79,76,82,-0.15,84,62,86,10485,25,21,29,-1.19
12095,Florida,Orange,5992,5840,6144,-1.07,8591,4545,6004,18,18,18,-0.31,4.1,4.0,4.2,-0.37,3.9,3.8,3.9,-0.84,,9,9,9,0.24,13,8,7,15,14,15,-1.05,24,22,26,-1.16,7.4,-0.60,23,21,25,-0.84,87,-0.76,21,20,21,1.10,204,730,28,26,30,-0.29,8002,639,1.32,24,23,24,-0.91,41,29,11,175327,16,15,17,-0.10,1067,83,1207:1,-1.17,626,48,2100:1,-0.19,2593,197,507:1,-1.23,56267,57,55,58,-0.41,8759,85,83,87,-0.30,82,86,5500,62.1,60.0,64.2,0.36,60.1,62.4,13987,78,-0.13,257549,382644,67.3,66.0,68.6,-1.19,31043,705333,4.4,-0.82,22,19,25,-0.41,36,31,12,99342,21727,4.6,0.10,110864,282827,39,38,41,0.21,932,7.2,0.64,8326,681,1.64,3429,55,53,56,-1.55,6.5,-1.18,Yes,1.07,99760,24,23,24,1.43,80,79,80,-0.02,78,78,84,486582,41,40,42,0.38
12097,Florida,Osceola,5993,5695,6290,-1.07,8402,4396,7447,23,23,24,1.05,4.6,4.4,4.7,0.55,4.5,4.3,4.6,1.07,,8,8,9,-0.21,11,8,7,16,16,17,-0.49,29,25,32,-0.25,8.0,-1.42,26,22,30,-0.24,69,0.01,18,18,19,0.11,48,218,22,19,26,-0.90,1327,428,0.08,29,28,31,-0.47,27,33,25,48838,18,16,19,0.41,144,44,2250:1,0.33,91,27,3692:1,0.68,437,130,769:1,-0.39,11855,75,70,80,0.54,2390,85,81,88,-0.07,84,85,1286,58.8,54.6,63.0,0.85,65.1,58.2,4174,81,-0.50,51149,88148,58.0,55.3,60.8,-0.50,8141,161498,5.0,-0.11,23,19,28,-0.25,41,32,20,84163,20684,4.1,-0.84,28146,78009,36,33,39,-0.32,151,4.7,1.59,1378,468,0.36,833,54,50,57,-1.60,7.3,-0.19,Yes,1.07,22020,24,23,26,1.64,81,80,83,0.41,76,80,80,110195,56,54,59,1.83
12099,Florida,Palm Beach,6232,6071,6393,-0.94,8452,4129,6424,16,16,16,-0.80,3.8,3.7,3.9,-0.89,3.7,3.6,3.8,-1.27,,9,8,9,0.08,12,7,7,13,13,14,-1.41,22,20,25,-1.52,7.8,-1.15,21,19,23,-1.30,94,-1.04,18,17,18,-0.15,183,772,24,22,26,-0.72,5366,384,-0.18,20,19,20,-1.20,31,31,7,185701,17,16,18,0.31,1128,79,1261:1,-1.03,1044,72,1383:1,-1.23,2552,177,566:1,-0.97,126314,47,46,48,-0.91,12701,86,85,88,-0.70,81,87,11304,72.6,71.0,74.2,-1.21,61.6,73.3,14490,79,-0.28,206749,326403,63.3,62.1,64.5,-0.90,34228,710513,4.8,-0.36,19,16,22,-0.87,34,28,9,115654,23392,4.9,0.80,103459,272497,38,37,39,0.00,913,6.4,0.94,6351,463,0.33,5288,76,74,78,-0.37,6.0,-1.80,Yes,1.07,125840,24,23,24,1.48,79,78,79,-0.27,79,74,82,492621,35,34,36,-0.22
12101,Florida,Pasco,8188,7889,8488,0.07,7233,4552,9073,19,18,19,-0.17,4.6,4.5,4.8,0.68,4.3,4.1,4.4,0.48,,8,8,9,-0.25,11,8,8,21,20,21,0.83,32,29,35,0.45,7.5,-0.74,26,24,29,-0.14,88,-0.79,19,19,20,0.40,87,356,24,22,27,-0.65,1275,263,-0.89,25,24,26,-0.79,27,25,26,53530,14,13,15,-0.54,298,60,1671:1,-0.27,179,35,2862:1,0.35,350,68,1464:1,0.39,33003,67,65,70,0.16,5329,88,85,90,-1.19,87,88,3445,68.2,65.4,70.9,-0.54,67.0,68.2,4980,79,-0.27,70834,111775,63.4,61.5,65.3,-0.90,11466,220407,5.2,0.07,18,15,22,-0.99,21,22,16,90146,20853,4.3,-0.37,32595,98970,33,31,35,-0.84,293,5.9,1.14,1412,296,-0.67,2209,90,87,94,0.46,7.4,-0.06,No,-0.92,30825,17,16,17,-0.38,81,80,82,0.25,77,72,77,154211,49,48,50,1.15
12103,Florida,Pinellas,7429,7218,7640,-0.32,10836,4648,7415,16,16,17,-0.81,3.9,3.7,4.0,-0.83,4.0,3.9,4.2,-0.24,,8,8,9,-0.04,14,7,7,17,17,18,-0.17,26,23,28,-0.84,7.5,-0.74,23,22,25,-0.77,96,-1.11,21,20,21,1.13,146,527,28,26,30,-0.31,4156,443,0.17,25,24,26,-0.82,54,29,17,102762,14,13,15,-0.48,869,91,1093:1,-1.51,652,68,1474:1,-1.04,1694,176,567:1,-0.97,74288,55,53,56,-0.51,8551,87,85,89,-0.88,83,87,6853,66.4,64.5,68.4,-0.29,63.9,66.5,7806,78,-0.16,138497,212641,65.1,63.8,66.5,-1.03,21081,481914,4.4,-0.85,20,16,23,-0.78,45,26,14,97369,20446,4.8,0.46,65313,157805,41,39,43,0.57,704,7.4,0.58,4995,536,0.77,4415,94,91,97,0.66,6.9,-0.68,No,-0.92,78300,19,19,20,0.35,80,79,80,-0.05,78,75,81,337347,33,32,34,-0.42
12105,Florida,Polk,7888,7632,8143,-0.09,10113,5172,8269,20,20,21,0.26,4.3,4.2,4.4,-0.04,4.0,3.9,4.1,-0.37,,8,8,8,-0.32,12,7,7,17,17,17,-0.33,34,31,37,0.90,6.7,0.35,28,26,31,0.20,73,-0.17,15,15,15,-1.32,155,544,28,26,31,-0.23,3061,482,0.40,36,35,37,0.05,43,42,32,78735,15,14,17,-0.17,318,49,2044:1,0.16,208,31,3203:1,0.51,522,78,1276:1,0.26,44283,69,67,72,0.26,7903,86,84,88,-0.70,83,87,4601,68.7,66.4,71.1,-0.63,65.3,69.0,6849,69,0.85,77480,153804,50.4,48.8,51.9,0.07,16069,284936,5.6,0.56,25,22,29,0.05,42,32,18,83945,20442,4.1,-0.77,59493,143376,41,39,44,0.59,549,8.4,0.20,2222,356,-0.31,2268,71,68,74,-0.62,7.5,0.06,Yes,1.07,40545,18,18,19,0.07,82,81,82,0.52,82,77,83,203407,35,33,36,-0.25
12107,Florida,Putnam,10993,10058,11928,1.52,12382,5950,11454,25,24,25,1.37,5.3,5.2,5.5,2.07,4.7,4.6,4.9,1.96,,10,9,11,1.47,14,7,9,25,24,26,2.10,38,34,42,1.60,5.8,1.58,30,26,33,0.58,57,0.48,17,17,18,-0.31,51,107,48,43,52,1.75,360,499,0.50,54,50,58,1.42,64,72,47,9514,17,15,19,0.32,30,42,2401:1,0.44,21,29,3442:1,0.60,39,54,1853:1,0.57,7357,80,74,87,0.83,1272,79,75,84,1.72,81,79,762,62.2,56.6,67.8,0.34,54.9,62.7,698,55,2.43,6357,15216,41.8,37.5,46.0,0.72,1724,27387,6.3,1.29,36,28,45,1.57,63,52,29,67727,13775,4.9,0.74,7796,15549,50,44,57,2.04,76,10.6,-0.58,455,620,1.27,355,98,88,108,0.88,7.2,-0.31,Yes,1.07,5735,21,18,23,0.65,80,77,82,-0.03,82,66,82,19529,43,39,47,0.53
12109,Florida,St. Johns,5500,5114,5886,-1.32,9376,2258,5678,11,11,12,-2.06,3.4,3.3,3.5,-1.72,3.4,3.3,3.6,-2.15,,7,7,7,-1.48,14,5,6,13,13,14,-1.40,22,19,25,-1.48,7.8,-1.15,18,16,21,-1.83,88,-0.80,21,21,22,1.41,40,168,24,20,28,-0.71,554,254,-0.94,13,12,14,-1.73,43,8,11,18427,10,9,11,-1.62,205,90,1106:1,-1.47,120,51,1959:1,-0.33,264,112,890:1,-0.16,22712,47,45,50,-0.89,2825,86,83,90,-0.61,82,86,2557,73.2,69.9,76.6,-1.30,65.0,73.5,2583,90,-1.49,38874,50048,77.7,73.8,81.5,-1.97,4303,116071,3.7,-1.60,9,6,11,-2.36,32,5,8,141440,30161,4.7,0.32,9747,47116,21,18,24,-2.89,148,6.5,0.90,561,271,-0.82,728,67,62,72,-0.87,7.6,0.18,Yes,1.07,12870,17,15,18,-0.39,82,80,83,0.45,77,68,78,80084,44,41,46,0.63
12111,Florida,St. Lucie,7026,6665,7387,-0.53,9683,3871,7006,17,17,17,-0.57,4.1,4.0,4.2,-0.30,3.8,3.7,3.9,-1.02,,9,8,9,0.05,13,7,7,17,17,18,-0.20,27,24,30,-0.55,6.6,0.49,28,25,31,0.11,82,-0.55,18,18,19,0.03,41,170,24,20,28,-0.68,1088,374,-0.24,26,25,27,-0.71,38,25,20,41404,18,17,20,0.59,118,40,2530:1,0.53,110,36,2786:1,0.31,406,132,755:1,-0.42,25316,62,59,65,-0.13,3762,86,83,89,-0.44,83,86,2564,69.3,66.1,72.5,-0.71,68.5,69.4,2967,75,0.18,35535,65339,54.4,50.8,57.9,-0.23,7601,134319,5.7,0.58,26,21,31,0.17,37,34,19,85843,19311,4.4,-0.14,22973,60617,38,34,42,-0.01,154,5.2,1.41,1091,380,-0.17,1065,73,68,77,-0.54,6.3,-1.43,Yes,1.07,22835,21,20,23,0.84,79,77,80,-0.26,81,69,80,89840,38,35,40,0.05
12113,Florida,Santa Rosa,6861,6415,7308,-0.62,7409,4694,7181,15,15,15,-1.08,3.9,3.7,4.0,-0.82,4.1,3.9,4.2,-0.20,,8,7,8,-0.72,13,7,7,19,19,20,0.44,26,23,29,-0.76,7.1,-0.19,25,22,28,-0.52,71,-0.09,19,19,20,0.55,36,100,36,31,41,0.55,492,301,-0.66,26,25,28,-0.69,26,20,28,15901,12,10,13,-1.19,118,71,1416:1,-0.69,46,27,3706:1,0.68,87,51,1960:1,0.60,13259,61,56,65,-0.19,2320,82,78,86,0.78,85,82,1550,65.9,61.8,69.9,-0.20,68.8,65.8,2002,83,-0.72,28678,43213,66.4,62.8,69.9,-1.12,3435,75638,4.5,-0.67,15,11,18,-1.45,32,35,15,107717,27131,4.0,-1.03,9580,36400,26,23,30,-1.95,126,7.5,0.53,231,144,-1.59,537,65,60,71,-0.94,9.0,1.92,No,-0.92,8295,14,13,16,-0.98,84,83,85,1.05,79,88,79,59436,45,42,47,0.72
12115,Florida,Sarasota,6725,6376,7073,-0.69,9180,4953,6820,13,12,13,-1.74,3.6,3.5,3.7,-1.33,3.8,3.7,4.0,-0.85,,7,7,8,-1.18,13,6,7,13,12,13,-1.61,21,18,23,-1.81,7.7,-1.01,20,18,23,-1.45,91,-0.90,18,17,18,-0.15,75,235,32,29,35,0.13,950,239,-1.03,22,20,23,-1.06,47,28,18,41835,16,15,17,-0.04,321,79,1263:1,-1.03,298,72,1384:1,-1.22,681,165,606:1,-0.82,64583,32,31,33,-1.70,6685,87,85,90,-1.00,84,87,6530,73.7,71.7,75.8,-1.37,71.1,73.8,3286,79,-0.27,40622,68622,59.2,56.6,61.8,-0.59,8327,182217,4.6,-0.64,18,14,22,-1.02,55,30,11,103786,24118,4.3,-0.40,20309,58585,35,31,38,-0.55,365,9.0,-0.01,1130,289,-0.71,1657,83,79,87,0.06,7.0,-0.56,No,-0.92,31030,18,17,19,-0.04,83,82,84,0.71,83,77,84,127589,30,29,32,-0.68
12117,Florida,Seminole,5502,5247,5756,-1.32,8540,3682,5703,16,16,16,-0.82,3.7,3.6,3.8,-1.25,3.6,3.5,3.7,-1.68,,8,8,8,-0.47,13,7,7,16,15,16,-0.67,26,23,29,-0.84,7.7,-1.01,20,18,23,-1.45,87,-0.74,21,20,21,1.10,44,181,24,21,28,-0.66,1641,371,-0.25,16,15,17,-1.51,36,19,11,45214,12,11,13,-1.14,348,77,1291:1,-0.96,268,59,1700:1,-0.66,675,148,675:1,-0.61,24807,55,52,58,-0.49,3637,87,84,90,-0.77,87,87,2587,65.7,62.6,68.8,-0.17,71.4,65.3,5248,86,-1.06,91290,121059,75.4,73.1,77.7,-1.80,10541,243532,4.3,-0.91,14,11,17,-1.56,27,23,10,113618,25876,4.4,-0.24,29706,94532,31,29,34,-1.09,296,6.6,0.88,1492,342,-0.40,1250,56,53,60,-1.44,7.3,-0.19,Yes,1.07,26975,18,17,19,0.03,82,82,83,0.62,81,79,81,175421,42,40,43,0.42
12119,Florida,Sumter,7852,6879,8824,-0.10,8283,3578,9065,13,13,14,-1.57,3.5,3.4,3.6,-1.58,3.3,3.2,3.4,-2.46,,9,8,10,0.47,16,5,8,10,10,11,-2.30,27,24,30,-0.59,7.8,-1.15,19,16,22,-1.66,82,-0.55,15,14,15,-1.40,18,92,20,14,25,-1.15,200,175,-1.40,50,45,55,1.14,73,66,44,5463,12,11,13,-1.11,41,34,2900:1,0.72,30,24,4133:1,0.80,48,39,2583:1,0.76,27710,43,41,46,-1.10,4471,90,88,93,-2.05,95,90,3628,84.3,81.3,87.3,-2.95,80.0,84.4,579,78,-0.16,5231,14156,37.0,32.2,41.7,1.08,2052,29239,7.0,2.10,29,21,37,0.57,43,44,19,94359,24944,3.8,-1.38,3226,8447,38,29,47,0.04,63,5.3,1.35,178,174,-1.41,551,97,89,106,0.85,7.4,-0.06,Yes,1.07,5245,11,10,13,-1.76,76,74,79,-0.90,80,83,78,16825,33,29,38,-0.39
12121,Florida,Suwannee,9366,8275,10457,0.68,10109,6286,9889,23,23,24,1.08,4.7,4.5,4.8,0.74,4.3,4.2,4.5,0.58,,9,8,10,0.48,15,6,8,20,20,21,0.66,33,29,37,0.60,6.6,0.49,29,25,34,0.41,47,0.91,17,17,18,-0.32,28,75,37,32,43,0.69,209,475,0.36,45,41,50,0.75,56,45,44,5571,18,16,20,0.40,7,16,6251:1,1.45,9,21,4866:1,0.95,13,30,3369:1,0.87,4949,79,71,86,0.75,898,84,78,90,0.04,84,84,528,65.2,58.3,72.0,-0.10,67.7,65.0,425,68,0.97,4111,10273,40.0,33.9,46.1,0.85,901,18247,4.9,-0.23,30,22,39,0.72,58,63,29,74792,15941,4.7,0.32,3823,9216,41,32,51,0.59,48,11.0,-0.73,182,416,0.05,211,96,83,109,0.79,7.9,0.55,No,-0.92,2380,15,13,18,-0.75,77,73,81,-0.73,79,44,80,12051,38,32,44,0.05
12123,Florida,Taylor,7865,6654,9076,-0.10,6815,,8799,20,20,21,0.28,4.7,4.5,4.8,0.73,4.1,4.0,4.3,0.04,,10,9,12,1.43,15,,9,21,21,22,0.97,37,33,42,1.48,6.4,0.76,35,31,39,1.70,64,0.23,17,17,18,-0.29,11,34,32,23,41,0.17,119,527,0.67,56,48,63,1.55,46,,61,2225,15,13,17,-0.37,8,36,2812:1,0.68,8,36,2772:1,0.30,4,18,5544:1,1.02,2110,72,60,83,0.38,371,83,74,92,0.48,87,82,213,59.2,48.8,69.5,0.80,51.9,60.2,167,68,1.02,2587,6128,42.2,34.6,49.8,0.68,491,8904,5.5,0.42,30,21,38,0.64,29,,8,70476,19125,3.7,-1.56,1818,4302,42,30,55,0.72,33,14.7,-2.09,171,743,2.01,91,81,65,99,-0.09,7.6,0.18,Yes,1.07,830,11,7,15,-1.84,80,75,85,0.04,78,,81,5535,19,13,25,-1.78
12125,Florida,Union,18118,16006,20230,3.00,19330,18674,18006,24,23,24,1.15,4.6,4.5,4.8,0.71,4.6,4.5,4.8,1.54,,10,8,11,0.95,13,,9,25,24,26,2.09,38,33,43,1.60,6.4,0.76,32,28,36,1.09,22,1.98,16,16,17,-0.70,5,11,45,30,59,1.52,93,612,1.17,54,45,62,1.39,49,,56,950,11,9,12,-1.41,4,26,3809:1,1.05,3,20,5047:1,0.99,9,59,1682:1,0.50,908,94,74,115,1.58,207,80,68,92,1.45,78,80,123,60.2,46.5,73.9,0.65,,,175,78,-0.10,1645,4636,35.5,30.7,40.3,1.19,212,4786,4.4,-0.79,26,19,32,0.12,42,71,32,75534,16228,4.7,0.25,1135,2843,40,30,49,0.33,7,4.6,1.61,46,300,-0.64,81,107,85,133,1.37,7.4,-0.06,No,-0.92,520,14,10,18,-1.18,80,75,85,0.13,,,,3119,35,28,42,-0.24
12127,Florida,Volusia,8590,8282,8898,0.28,10268,5736,8947,19,18,19,-0.19,4.4,4.2,4.5,0.15,4.5,4.4,4.7,1.30,,9,8,9,0.00,13,8,7,18,18,19,0.04,26,23,28,-0.82,6.6,0.49,25,23,28,-0.43,86,-0.73,18,17,18,-0.20,130,483,27,25,29,-0.39,1693,334,-0.47,26,25,27,-0.69,35,30,23,59477,15,14,17,-0.17,366,71,1415:1,-0.70,248,47,2135:1,-0.15,635,120,834:1,-0.26,45049,47,45,49,-0.91,6541,86,83,88,-0.43,86,86,4591,69.9,67.4,72.3,-0.80,63.9,70.1,4744,72,0.52,64200,109943,58.4,56.4,60.4,-0.53,12528,245626,5.1,-0.04,20,15,24,-0.77,42,36,18,83471,19347,4.3,-0.38,37614,90830,41,39,44,0.58,402,7.8,0.45,2135,426,0.11,2126,83,80,87,0.06,6.8,-0.81,Yes,1.07,38130,19,19,20,0.32,81,80,82,0.26,79,73,81,163449,33,32,35,-0.38
12129,Florida,Wakulla,7452,6329,8574,-0.31,7430,,7992,17,17,17,-0.60,3.9,3.8,4.0,-0.77,3.8,3.7,4.0,-0.91,,8,7,9,-0.49,15,,7,19,19,20,0.32,36,32,40,1.16,7.8,-1.15,29,25,33,0.31,85,-0.68,23,22,23,1.94,11,29,38,28,47,0.75,139,442,0.17,29,24,33,-0.51,33,,29,2655,11,10,13,-1.33,9,29,3504:1,0.96,4,13,7973:1,1.29,12,38,2658:1,0.77,1571,49,38,61,-0.79,219,84,71,96,0.29,88,83,137,56.9,44.3,69.6,1.13,,,352,78,-0.16,4629,8927,51.9,44.9,58.8,-0.04,586,14172,4.1,-1.12,18,13,23,-1.01,8,,19,89784,24437,3.7,-1.58,2306,6572,35,26,44,-0.48,30,9.5,-0.20,85,272,-0.81,125,80,66,94,-0.14,7.9,0.55,Yes,1.07,1610,15,11,18,-0.88,84,81,88,1.11,,,,11155,62,55,69,2.38
12131,Florida,Walton,7483,6700,8266,-0.30,11664,,7398,19,18,19,-0.18,4.3,4.2,4.5,0.10,4.1,3.9,4.2,-0.19,,8,7,9,-0.71,13,6,8,19,18,20,0.29,28,24,32,-0.35,7.4,-0.60,25,22,29,-0.43,64,0.23,18,18,19,0.16,32,71,45,39,50,1.48,212,345,-0.41,38,34,42,0.22,39,76,35,8639,17,16,19,0.37,31,49,2049:1,0.16,27,41,2440:1,0.09,41,62,1607:1,0.46,6461,65,58,71,0.03,946,79,73,84,2.02,82,78,795,61.0,55.6,66.4,0.52,,,524,74,0.29,8736,15236,57.3,51.8,62.8,-0.45,1217,28461,4.3,-0.96,21,15,27,-0.54,55,51,27,100278,20993,4.8,0.48,4306,12556,34,27,41,-0.61,62,9.8,-0.29,220,374,-0.21,224,73,63,82,-0.53,8.6,1.42,Yes,1.07,4850,21,18,25,0.87,81,78,84,0.35,76,79,81,21005,39,35,43,0.16
12133,Florida,Washington,8677,7352,10002,0.32,8671,,9190,23,22,24,0.96,4.7,4.6,4.9,0.84,4.4,4.3,4.6,1.02,,8,7,9,-0.42,13,,7,21,21,22,0.96,37,33,42,1.50,5.4,2.12,34,30,38,1.47,33,1.51,16,15,16,-0.92,8,32,25,16,35,-0.59,91,372,-0.24,47,41,53,0.87,58,66,45,2625,15,13,17,-0.32,7,28,3527:1,0.97,8,33,3071:1,0.45,4,16,6142:1,1.04,2301,65,55,76,0.06,470,84,75,92,0.27,85,83,256,54.7,45.6,63.7,1.46,61.9,54.0,271,70,0.74,2688,6491,41.4,36.0,46.8,0.74,509,9731,5.2,0.10,32,23,41,0.97,44,,29,72912,14603,5.0,0.89,1716,4897,35,25,45,-0.49,28,11.3,-0.87,59,236,-1.03,102,83,67,99,0.03,8.6,1.42,No,-0.92,1355,16,13,19,-0.51,89,85,92,2.20,88,,87,7619,48,42,55,1.08